{"Last_trip_total_energy": -45.64828055555549, "Last_trip_trip_runtime": 0.11666666666666713, "timestamp": "2025-09-29T13:09:24"}