{"Last_trip_total_energy": -28.010069444444575, "Last_trip_trip_runtime": 0.10000000000000035, "timestamp": "2025-09-27T14:24:53"}